ID,target
test_0,0
test_1,0
test_2,0
test_3,0
test_4,0
test_5,0
test_6,0
test_7,1
test_8,0
test_9,0
test_10,0
test_11,0
test_12,0
test_13,0
test_14,0
test_15,0
test_16,0
test_17,0
test_18,0
test_19,0
test_20,0
test_21,0
test_22,0
test_23,0
test_24,0
test_25,0
test_26,0
test_27,0
test_28,0
test_29,0
test_30,0
test_31,0
test_32,1
test_33,0
test_34,0
test_35,0
test_36,0
test_37,0
test_38,0
test_39,0
test_40,0
test_41,0
test_42,0
test_43,1
test_44,0
test_45,1
test_46,0
test_47,0
test_48,0
test_49,0
test_50,0
test_51,0
test_52,0
test_53,0
test_54,0
test_55,0
test_56,0
test_57,0
test_58,0
test_59,0
test_60,0
test_61,0
test_62,0
test_63,0
test_64,0
test_65,0
test_66,0
test_67,0
test_68,0
test_69,0
test_70,1
test_71,0
test_72,0
test_73,0
test_74,0
test_75,0
test_76,0
test_77,0
test_78,0
test_79,0
test_80,0
test_81,0
test_82,0
test_83,1
test_84,0
test_85,0
test_86,0
test_87,1
test_88,0
test_89,0
test_90,0
test_91,0
test_92,0
test_93,0
test_94,0
test_95,0
test_96,0
test_97,0
test_98,0
test_99,0
test_100,1
test_101,0
test_102,0
test_103,0
test_104,0
test_105,0
test_106,0
test_107,0
test_108,0
test_109,0
test_110,0
test_111,0
test_112,0
test_113,0
test_114,0
test_115,0
test_116,0
test_117,0
test_118,0
test_119,0
test_120,0
test_121,1
test_122,0
test_123,0
test_124,0
test_125,0
test_126,0
test_127,0
test_128,0
test_129,1
test_130,0
test_131,0
test_132,1
test_133,0
test_134,0
test_135,0
test_136,0
test_137,0
test_138,1
test_139,0
test_140,0
test_141,0
test_142,0
test_143,1
test_144,0
test_145,0
test_146,0
test_147,0
test_148,0
test_149,0
test_150,0
test_151,0
test_152,0
test_153,0
test_154,0
test_155,0
test_156,0
test_157,0
test_158,0
test_159,0
test_160,0
test_161,0
test_162,0
test_163,0
test_164,0
test_165,0
test_166,0
test_167,1
test_168,0
test_169,0
test_170,0
test_171,1
test_172,0
test_173,0
test_174,0
test_175,0
test_176,0
test_177,0
test_178,0
test_179,0
test_180,0
test_181,0
test_182,0
test_183,0
test_184,0
test_185,0
test_186,0
test_187,0
test_188,0
test_189,0
test_190,0
test_191,0
test_192,0
test_193,0
test_194,0
test_195,0
test_196,0
test_197,0
test_198,0
test_199,0
test_200,0
test_201,0
test_202,0
test_203,0
test_204,0
test_205,0
test_206,0
test_207,0
test_208,0
test_209,0
test_210,0
test_211,0
test_212,0
test_213,0
test_214,0
test_215,0
test_216,1
test_217,0
test_218,0
test_219,0
test_220,0
test_221,0
test_222,0
test_223,0
test_224,0
test_225,1
test_226,0
test_227,0
test_228,0
test_229,0
test_230,0
test_231,0
test_232,1
test_233,0
test_234,0
test_235,1
test_236,0
test_237,0
test_238,0
test_239,0
test_240,0
test_241,0
test_242,1
test_243,0
test_244,0
test_245,0
test_246,1
test_247,0
test_248,0
test_249,0
test_250,0
test_251,0
test_252,0
test_253,0
test_254,0
test_255,0
test_256,0
test_257,0
test_258,0
test_259,0
test_260,0
test_261,1
test_262,0
test_263,0
test_264,0
test_265,0
test_266,0
test_267,0
test_268,0
test_269,0
test_270,1
test_271,0
test_272,1
test_273,1
test_274,0
test_275,0
test_276,1
test_277,0
test_278,0
test_279,0
test_280,0
test_281,0
test_282,0
test_283,0
test_284,0
test_285,0
test_286,0
test_287,0
test_288,0
test_289,0
test_290,1
test_291,0
test_292,0
test_293,0
test_294,0
test_295,0
test_296,0
test_297,0
test_298,0
test_299,1
test_300,0
test_301,0
test_302,0
test_303,0
test_304,0
test_305,0
test_306,0
test_307,0
test_308,0
test_309,0
test_310,0
test_311,1
test_312,0
test_313,0
test_314,0
test_315,0
test_316,0
test_317,0
test_318,0
test_319,0
test_320,1
test_321,0
test_322,0
test_323,1
test_324,1
test_325,0
test_326,1
test_327,0
test_328,0
test_329,0
test_330,0
test_331,0
test_332,0
test_333,0
test_334,0
test_335,0
test_336,0
test_337,0
test_338,0
test_339,0
test_340,0
test_341,0
test_342,0
test_343,0
test_344,0
test_345,0
test_346,0
test_347,0
test_348,0
test_349,0
test_350,1
test_351,0
test_352,0
test_353,0
test_354,0
test_355,0
test_356,0
test_357,0
test_358,0
test_359,0
test_360,0
test_361,0
test_362,0
test_363,0
test_364,1
test_365,0
test_366,0
test_367,0
test_368,0
test_369,0
test_370,0
test_371,1
test_372,0
test_373,0
test_374,0
test_375,0
test_376,0
test_377,1
test_378,0
test_379,0
test_380,0
test_381,0
test_382,0
test_383,0
test_384,1
test_385,0
test_386,0
test_387,0
test_388,0
test_389,0
test_390,0
test_391,0
test_392,0
test_393,0
test_394,0
test_395,0
test_396,0
test_397,0
test_398,0
test_399,0
test_400,0
test_401,0
test_402,0
test_403,0
test_404,0
test_405,0
test_406,0
test_407,0
test_408,0
test_409,1
test_410,0
test_411,0
test_412,0
test_413,0
test_414,0
test_415,1
test_416,0
test_417,0
test_418,0
test_419,0
test_420,0
test_421,0
test_422,0
test_423,0
test_424,0
test_425,0
test_426,0
test_427,0
test_428,0
test_429,0
test_430,0
test_431,0
test_432,0
test_433,0
test_434,0
test_435,0
test_436,0
test_437,0
test_438,0
test_439,0
test_440,0
test_441,0
test_442,0
test_443,0
test_444,0
test_445,0
test_446,0
test_447,0
test_448,1
test_449,1
test_450,0
test_451,0
test_452,0
test_453,0
test_454,0
test_455,0
test_456,0
test_457,0
test_458,0
test_459,0
test_460,0
test_461,0
test_462,0
test_463,0
test_464,0
test_465,0
test_466,0
test_467,0
test_468,1
test_469,0
test_470,0
test_471,0
test_472,0
test_473,1
test_474,1
test_475,0
test_476,0
test_477,0
test_478,1
test_479,0
test_480,0
test_481,0
test_482,0
test_483,0
test_484,1
test_485,0
test_486,1
test_487,0
test_488,0
test_489,0
test_490,0
test_491,0
test_492,0
test_493,0
test_494,0
test_495,0
test_496,0
test_497,0
test_498,0
test_499,0
test_500,0
test_501,0
test_502,0
test_503,0
test_504,0
test_505,0
test_506,0
test_507,1
test_508,0
test_509,0
test_510,0
test_511,0
test_512,1
test_513,0
test_514,0
test_515,0
test_516,0
test_517,0
test_518,0
test_519,0
test_520,0
test_521,0
test_522,1
test_523,0
test_524,1
test_525,0
test_526,0
test_527,1
test_528,0
test_529,0
test_530,0
test_531,0
test_532,0
test_533,0
test_534,0
test_535,0
test_536,0
test_537,0
test_538,0
test_539,0
test_540,0
test_541,0
test_542,0
test_543,0
test_544,1
test_545,1
test_546,0
test_547,0
test_548,0
test_549,0
test_550,0
test_551,0
test_552,0
test_553,0
test_554,0
test_555,0
test_556,1
test_557,0
test_558,0
test_559,0
test_560,0
test_561,0
test_562,0
test_563,0
test_564,0
test_565,0
test_566,0
test_567,0
test_568,0
test_569,0
test_570,0
test_571,0
test_572,0
test_573,0
test_574,0
test_575,0
test_576,0
test_577,0
test_578,0
test_579,0
test_580,0
test_581,0
test_582,0
test_583,0
test_584,0
test_585,1
test_586,0
test_587,0
test_588,1
test_589,1
test_590,0
test_591,0
test_592,0
test_593,0
test_594,0
test_595,1
test_596,0
test_597,0
test_598,0
test_599,0
test_600,0
test_601,0
test_602,0
test_603,0
test_604,0
test_605,0
test_606,0
test_607,0
test_608,0
test_609,0
test_610,0
test_611,0
test_612,0
test_613,0
test_614,0
test_615,0
test_616,0
test_617,1
test_618,0
test_619,0
test_620,0
test_621,0
test_622,0
test_623,0
test_624,0
test_625,0
test_626,0
test_627,0
test_628,0
test_629,0
test_630,0
test_631,0
test_632,0
test_633,0
test_634,0
test_635,0
test_636,0
test_637,0
test_638,0
test_639,0
test_640,0
test_641,0
test_642,0
test_643,1
test_644,0
test_645,0
test_646,0
test_647,0
test_648,0
test_649,1
test_650,0
test_651,0
test_652,0
test_653,0
test_654,0
test_655,0
test_656,0
test_657,0
test_658,1
test_659,0
test_660,0
test_661,0
test_662,0
test_663,0
test_664,0
test_665,0
test_666,1
test_667,0
test_668,0
test_669,0
test_670,0
test_671,0
test_672,0
test_673,0
test_674,0
test_675,0
test_676,0
test_677,0
test_678,0
test_679,0
test_680,0
test_681,0
test_682,0
test_683,1
test_684,0
test_685,0
test_686,0
test_687,0
test_688,0
test_689,0
test_690,0
test_691,0
test_692,0
test_693,0
test_694,0
test_695,0
test_696,0
test_697,0
test_698,0
test_699,0
test_700,0
test_701,1
test_702,0
test_703,1
test_704,0
test_705,0
test_706,0
test_707,0
test_708,0
test_709,0
test_710,0
test_711,0
test_712,0
test_713,0
test_714,0
test_715,0
test_716,1
test_717,1
test_718,0
test_719,0
test_720,0
test_721,0
test_722,0
test_723,0
test_724,0
test_725,0
test_726,0
test_727,0
test_728,1
test_729,1
test_730,0
test_731,0
test_732,0
test_733,0
test_734,1
test_735,0
test_736,0
test_737,1
test_738,0
test_739,0
test_740,0
test_741,1
test_742,0
test_743,1
test_744,0
test_745,0
test_746,0
test_747,0
test_748,0
test_749,0
test_750,0
test_751,0
test_752,0
test_753,0
test_754,0
test_755,0
test_756,0
test_757,0
test_758,0
test_759,0
test_760,0
test_761,0
test_762,0
test_763,0
test_764,1
test_765,1
test_766,0
test_767,0
test_768,0
test_769,0
test_770,0
test_771,0
test_772,0
test_773,0
test_774,0
test_775,1
test_776,0
test_777,0
test_778,0
test_779,0
test_780,0
test_781,1
test_782,0
test_783,0
test_784,0
test_785,0
test_786,0
test_787,0
test_788,1
test_789,0
test_790,0
test_791,0
test_792,0
test_793,0
test_794,1
test_795,1
test_796,0
test_797,0
test_798,0
test_799,1
test_800,0
test_801,0
test_802,0
test_803,0
test_804,0
test_805,0
test_806,0
test_807,0
test_808,0
test_809,0
test_810,0
test_811,1
test_812,0
test_813,0
test_814,0
test_815,0
test_816,0
test_817,0
test_818,0
test_819,0
test_820,0
test_821,0
test_822,0
test_823,0
test_824,0
test_825,0
test_826,0
test_827,0
test_828,0
test_829,0
test_830,0
test_831,0
test_832,0
test_833,1
test_834,0
test_835,0
test_836,0
test_837,0
test_838,0
test_839,0
test_840,0
test_841,0
test_842,0
test_843,0
test_844,0
test_845,0
test_846,0
test_847,0
test_848,0
test_849,0
test_850,0
test_851,1
test_852,0
test_853,0
test_854,1
test_855,0
test_856,0
test_857,0
test_858,1
test_859,0
test_860,0
test_861,0
test_862,1
test_863,0
test_864,0
test_865,0
test_866,0
test_867,0
test_868,0
test_869,0
test_870,0
test_871,1
test_872,0
test_873,0
test_874,0
test_875,0
test_876,0
test_877,0
test_878,0
test_879,0
test_880,0
test_881,0
test_882,0
test_883,0
test_884,0
test_885,0
test_886,0
test_887,0
test_888,0
test_889,0
test_890,0
test_891,0
test_892,1
test_893,1
test_894,0
test_895,0
test_896,0
test_897,1
test_898,1
test_899,0
test_900,0
test_901,0
test_902,0
test_903,0
test_904,0
test_905,0
test_906,0
test_907,0
test_908,0
test_909,0
test_910,0
test_911,0
test_912,0
test_913,1
test_914,0
test_915,0
test_916,0
test_917,1
test_918,0
test_919,0
test_920,0
test_921,0
test_922,0
test_923,0
test_924,0
test_925,0
test_926,0
test_927,1
test_928,0
test_929,0
test_930,0
test_931,0
test_932,0
test_933,0
test_934,0
test_935,0
test_936,0
test_937,0
test_938,0
test_939,1
test_940,0
test_941,0
test_942,0
test_943,0
test_944,0
test_945,0
test_946,0
test_947,0
test_948,0
test_949,1
test_950,0
test_951,0
test_952,0
test_953,0
test_954,0
test_955,0
test_956,0
test_957,0
test_958,0
test_959,0
test_960,0
test_961,0
test_962,0
test_963,0
test_964,0
test_965,0
test_966,0
test_967,0
test_968,0
test_969,0
test_970,0
test_971,0
test_972,0
test_973,0
test_974,0
test_975,0
test_976,0
test_977,1
test_978,0
test_979,0
test_980,0
test_981,0
test_982,0
test_983,0
test_984,1
test_985,0
test_986,0
test_987,0
test_988,0
test_989,0
test_990,0
test_991,0
test_992,0
test_993,0
test_994,0
test_995,1
test_996,0
test_997,0
test_998,0
test_999,0
test_1000,0
test_1001,0
test_1002,0
test_1003,0
test_1004,0
test_1005,0
test_1006,0
test_1007,0
test_1008,1
test_1009,0
test_1010,0
test_1011,0
test_1012,0
test_1013,0
test_1014,0
test_1015,0
test_1016,0
test_1017,0
test_1018,0
test_1019,0
test_1020,0
test_1021,0
test_1022,0
test_1023,1
test_1024,0
test_1025,0
test_1026,0
test_1027,0
test_1028,1
test_1029,0
test_1030,0
test_1031,0
test_1032,0
test_1033,1
test_1034,0
test_1035,1
test_1036,0
test_1037,1
test_1038,0
test_1039,0
test_1040,0
test_1041,0
test_1042,0
test_1043,0
test_1044,0
test_1045,0
test_1046,0
test_1047,0
test_1048,0
test_1049,0
test_1050,0
test_1051,0
test_1052,0
test_1053,0
test_1054,0
test_1055,0
test_1056,0
test_1057,0
test_1058,0
test_1059,0
test_1060,0
test_1061,0
test_1062,0
test_1063,0
test_1064,0
test_1065,0
test_1066,0
test_1067,0
test_1068,1
test_1069,0
test_1070,0
test_1071,0
test_1072,0
test_1073,0
test_1074,1
test_1075,0
test_1076,0
test_1077,0
test_1078,0
test_1079,0
test_1080,0
test_1081,0
test_1082,0
test_1083,0
test_1084,0
test_1085,0
test_1086,0
test_1087,0
test_1088,0
test_1089,0
test_1090,0
test_1091,1
test_1092,0
test_1093,0
test_1094,0
test_1095,0
test_1096,0
test_1097,0
test_1098,0
test_1099,0
test_1100,0
test_1101,0
test_1102,0
test_1103,0
test_1104,0
test_1105,0
test_1106,0
test_1107,1
test_1108,0
test_1109,0
test_1110,0
test_1111,0
test_1112,0
test_1113,0
test_1114,0
test_1115,1
test_1116,1
test_1117,0
test_1118,0
test_1119,0
test_1120,0
test_1121,1
test_1122,0
test_1123,1
test_1124,0
test_1125,0
test_1126,0
test_1127,0
test_1128,0
test_1129,0
test_1130,0
test_1131,0
test_1132,0
test_1133,1
test_1134,0
test_1135,0
test_1136,0
test_1137,0
test_1138,0
test_1139,1
test_1140,0
test_1141,0
test_1142,0
test_1143,0
test_1144,1
test_1145,0
test_1146,0
test_1147,0
test_1148,0
test_1149,1
test_1150,0
test_1151,0
test_1152,0
test_1153,0
test_1154,0
test_1155,1
test_1156,0
test_1157,0
test_1158,0
test_1159,0
test_1160,0
test_1161,0
test_1162,0
test_1163,0
test_1164,0
test_1165,0
test_1166,0
test_1167,0
test_1168,0
test_1169,0
test_1170,0
test_1171,0
test_1172,1
test_1173,0
test_1174,0
test_1175,0
test_1176,0
test_1177,0
test_1178,0
test_1179,0
test_1180,0
test_1181,0
test_1182,0
test_1183,1
test_1184,0
test_1185,0
test_1186,0
test_1187,0
test_1188,0
test_1189,0
test_1190,0
test_1191,0
test_1192,0
test_1193,0
test_1194,0
test_1195,0
test_1196,0
test_1197,1
test_1198,0
test_1199,0
test_1200,0
test_1201,0
test_1202,0
test_1203,0
test_1204,0
test_1205,0
test_1206,0
test_1207,0
test_1208,0
test_1209,1
test_1210,0
test_1211,1
test_1212,0
test_1213,0
test_1214,0
test_1215,0
test_1216,1
test_1217,0
test_1218,0
test_1219,0
test_1220,1
test_1221,0
test_1222,0
test_1223,1
test_1224,0
test_1225,0
test_1226,0
test_1227,0
test_1228,0
test_1229,0
test_1230,0
test_1231,0
test_1232,0
test_1233,0
test_1234,0
test_1235,0
test_1236,0
test_1237,0
test_1238,0
test_1239,0
test_1240,1
test_1241,0
test_1242,1
test_1243,0
test_1244,0
test_1245,0
test_1246,0
test_1247,1
test_1248,0
test_1249,1
test_1250,1
test_1251,0
test_1252,0
test_1253,0
test_1254,0
test_1255,0
test_1256,0
test_1257,0
test_1258,0
test_1259,0
test_1260,0
test_1261,0
test_1262,0
test_1263,0
test_1264,0
test_1265,0
test_1266,0
test_1267,0
test_1268,1
test_1269,0
test_1270,0
test_1271,0
test_1272,0
test_1273,0
test_1274,0
test_1275,0
test_1276,0
test_1277,0
test_1278,0
test_1279,0
test_1280,0
test_1281,0
test_1282,1
test_1283,0
test_1284,0
test_1285,0
test_1286,0
test_1287,0
test_1288,1
test_1289,1
test_1290,0
test_1291,0
test_1292,0
test_1293,0
test_1294,0
test_1295,0
test_1296,0
test_1297,0
test_1298,0
test_1299,0
test_1300,0
test_1301,0
test_1302,0
test_1303,0
test_1304,1
test_1305,0
test_1306,0
test_1307,0
test_1308,0
test_1309,0
test_1310,0
test_1311,0
test_1312,1
test_1313,0
test_1314,1
test_1315,1
test_1316,0
test_1317,0
test_1318,0
test_1319,0
test_1320,0
test_1321,0
test_1322,0
test_1323,0
test_1324,0
test_1325,0
test_1326,0
test_1327,0
test_1328,0
test_1329,0
test_1330,0
test_1331,0
test_1332,0
test_1333,0
test_1334,0
test_1335,0
test_1336,0
test_1337,0
test_1338,0
test_1339,0
test_1340,0
test_1341,1
test_1342,0
test_1343,0
test_1344,0
test_1345,0
test_1346,0
test_1347,0
test_1348,0
test_1349,0
test_1350,0
test_1351,1
test_1352,1
test_1353,0
test_1354,0
test_1355,0
test_1356,0
test_1357,0
test_1358,0
test_1359,0
test_1360,1
test_1361,0
test_1362,0
test_1363,1
test_1364,0
test_1365,0
test_1366,1
test_1367,0
test_1368,0
test_1369,0
test_1370,0
test_1371,0
test_1372,0
test_1373,0
test_1374,0
test_1375,0
test_1376,0
test_1377,0
test_1378,0
test_1379,0
test_1380,0
test_1381,0
test_1382,0
test_1383,0
test_1384,0
test_1385,0
test_1386,0
test_1387,1
test_1388,0
test_1389,1
test_1390,0
test_1391,1
test_1392,0
test_1393,0
test_1394,0
test_1395,0
test_1396,0
test_1397,1
test_1398,0
test_1399,1
test_1400,0
test_1401,1
test_1402,0
test_1403,0
test_1404,0
test_1405,1
test_1406,1
test_1407,0
test_1408,0
test_1409,0
test_1410,0
test_1411,0
test_1412,0
test_1413,0
test_1414,0
test_1415,0
test_1416,1
test_1417,0
test_1418,0
test_1419,0
test_1420,0
test_1421,0
test_1422,0
test_1423,0
test_1424,0
test_1425,0
test_1426,0
test_1427,0
test_1428,0
test_1429,0
test_1430,0
test_1431,0
test_1432,0
test_1433,0
test_1434,0
test_1435,0
test_1436,0
test_1437,1
test_1438,0
test_1439,0
test_1440,0
test_1441,0
test_1442,0
test_1443,0
test_1444,0
test_1445,0
test_1446,0
test_1447,0
test_1448,0
test_1449,0
test_1450,1
test_1451,1
test_1452,0
test_1453,0
test_1454,0
test_1455,0
test_1456,0
test_1457,0
test_1458,0
test_1459,0
test_1460,0
test_1461,0
test_1462,0
test_1463,0
test_1464,0
test_1465,0
test_1466,0
test_1467,0
test_1468,0
test_1469,1
test_1470,0
test_1471,0
test_1472,0
test_1473,0
test_1474,0
test_1475,0
test_1476,0
test_1477,0
test_1478,0
test_1479,0
test_1480,0
test_1481,0
test_1482,0
test_1483,0
test_1484,0
test_1485,1
test_1486,0
test_1487,0
test_1488,0
test_1489,0
test_1490,0
test_1491,0
test_1492,0
test_1493,0
test_1494,0
test_1495,0
test_1496,0
test_1497,0
test_1498,0
test_1499,1
test_1500,0
test_1501,0
test_1502,0
test_1503,0
test_1504,0
test_1505,0
test_1506,0
test_1507,0
test_1508,0
test_1509,0
test_1510,0
test_1511,0
test_1512,1
test_1513,0
test_1514,0
test_1515,0
test_1516,0
test_1517,0
test_1518,0
test_1519,0
test_1520,0
test_1521,0
test_1522,0
test_1523,0
test_1524,0
test_1525,0
test_1526,0
test_1527,0
test_1528,0
test_1529,1
test_1530,0
test_1531,0
test_1532,0
test_1533,0
test_1534,0
test_1535,0
test_1536,0
test_1537,0
test_1538,1
test_1539,0
test_1540,0
test_1541,1
test_1542,0
test_1543,0
test_1544,0
test_1545,0
test_1546,0
test_1547,0
test_1548,0
test_1549,0
test_1550,0
test_1551,0
test_1552,0
test_1553,0
test_1554,0
test_1555,0
test_1556,0
test_1557,0
test_1558,0
test_1559,0
test_1560,0
test_1561,0
test_1562,0
test_1563,0
test_1564,0
test_1565,0
test_1566,0
test_1567,0
test_1568,0
test_1569,0
test_1570,0
test_1571,0
test_1572,0
test_1573,0
test_1574,0
test_1575,0
test_1576,1
test_1577,0
test_1578,0
test_1579,0
test_1580,0
test_1581,0
test_1582,1
test_1583,0
test_1584,0
test_1585,0
test_1586,0
test_1587,1
test_1588,0
test_1589,0
test_1590,0
test_1591,1
test_1592,0
test_1593,0
test_1594,0
test_1595,0
test_1596,0
test_1597,0
test_1598,0
test_1599,0
test_1600,0
test_1601,0
test_1602,0
test_1603,0
test_1604,1
test_1605,0
test_1606,1
test_1607,0
test_1608,0
test_1609,0
test_1610,0
test_1611,0
test_1612,0
test_1613,0
test_1614,0
test_1615,0
test_1616,0
test_1617,0
test_1618,1
test_1619,0
test_1620,0
test_1621,0
test_1622,0
test_1623,0
test_1624,0
test_1625,0
test_1626,0
test_1627,0
test_1628,0
test_1629,0
test_1630,0
test_1631,0
test_1632,0
test_1633,0
test_1634,0
test_1635,0
test_1636,1
test_1637,1
test_1638,0
test_1639,0
test_1640,0
test_1641,0
test_1642,0
test_1643,0
test_1644,0
test_1645,0
test_1646,0
test_1647,0
test_1648,0
test_1649,0
test_1650,1
test_1651,0
test_1652,0
test_1653,0
test_1654,0
test_1655,1
test_1656,0
test_1657,0
test_1658,0
test_1659,0
test_1660,0
test_1661,0
test_1662,0
test_1663,0
test_1664,0
test_1665,1
test_1666,0
test_1667,0
test_1668,0
test_1669,0
test_1670,0
test_1671,0
test_1672,0
test_1673,0
test_1674,0
test_1675,0
test_1676,0
test_1677,0
test_1678,0
test_1679,0
test_1680,0
test_1681,0
test_1682,0
test_1683,1
test_1684,0
test_1685,1
test_1686,0
test_1687,1
test_1688,0
test_1689,0
test_1690,0
test_1691,0
test_1692,0
test_1693,0
test_1694,1
test_1695,0
test_1696,0
test_1697,0
test_1698,1
test_1699,0
test_1700,0
test_1701,0
test_1702,0
test_1703,0
test_1704,0
test_1705,0
test_1706,0
test_1707,1
test_1708,1
test_1709,0
test_1710,0
test_1711,1
test_1712,0
test_1713,0
test_1714,0
test_1715,0
test_1716,1
test_1717,0
test_1718,0
test_1719,0
test_1720,0
test_1721,0
test_1722,0
test_1723,0
test_1724,0
test_1725,0
test_1726,0
test_1727,0
test_1728,0
test_1729,1
test_1730,1
test_1731,1
test_1732,0
test_1733,1
test_1734,0
test_1735,0
test_1736,0
test_1737,0
test_1738,0
test_1739,0
test_1740,0
test_1741,0
test_1742,0
test_1743,0
test_1744,0
test_1745,0
test_1746,0
test_1747,0
test_1748,0
test_1749,0
test_1750,1
test_1751,0
test_1752,0
test_1753,0
test_1754,0
test_1755,1
test_1756,0
test_1757,0
test_1758,0
test_1759,0
test_1760,1
test_1761,0
test_1762,0
test_1763,0
test_1764,0
test_1765,0
test_1766,0
test_1767,0
test_1768,0
test_1769,0
test_1770,0
test_1771,0
test_1772,0
test_1773,0
test_1774,0
test_1775,0
test_1776,0
test_1777,0
test_1778,0
test_1779,1
test_1780,1
test_1781,0
test_1782,0
test_1783,0
test_1784,0
test_1785,0
test_1786,0
test_1787,0
test_1788,0
test_1789,0
test_1790,0
test_1791,0
test_1792,0
test_1793,0
test_1794,0
test_1795,0
test_1796,0
test_1797,0
test_1798,0
test_1799,0
test_1800,0
test_1801,0
test_1802,0
test_1803,0
test_1804,0
test_1805,1
test_1806,0
test_1807,0
test_1808,0
test_1809,0
test_1810,0
test_1811,0
test_1812,0
test_1813,0
test_1814,0
test_1815,0
test_1816,0
test_1817,0
test_1818,0
test_1819,0
test_1820,0
test_1821,0
test_1822,0
test_1823,0
test_1824,0
test_1825,0
test_1826,0
test_1827,0
test_1828,0
test_1829,0
test_1830,0
test_1831,0
test_1832,0
test_1833,1
test_1834,0
test_1835,0
test_1836,0
test_1837,0
test_1838,0
test_1839,0
test_1840,0
test_1841,0
test_1842,0
test_1843,0
test_1844,0
test_1845,0
test_1846,0
test_1847,0
test_1848,0
test_1849,0
test_1850,0
test_1851,0
test_1852,0
test_1853,0
test_1854,0
test_1855,0
test_1856,0
test_1857,0
test_1858,0
test_1859,0
test_1860,0
test_1861,0
test_1862,0
test_1863,0
test_1864,0
test_1865,0
test_1866,0
test_1867,0
test_1868,1
test_1869,0
test_1870,0
test_1871,0
test_1872,0
test_1873,1
test_1874,0
test_1875,0
test_1876,1
test_1877,0
test_1878,0
test_1879,0
test_1880,0
test_1881,0
test_1882,0
test_1883,0
test_1884,0
test_1885,0
test_1886,0
test_1887,0
test_1888,0
test_1889,0
test_1890,1
test_1891,0
test_1892,0
test_1893,0
test_1894,0
test_1895,0
test_1896,0
test_1897,1
test_1898,0
test_1899,0
test_1900,0
test_1901,0
test_1902,0
test_1903,0
test_1904,0
test_1905,1
test_1906,1
test_1907,0
test_1908,1
test_1909,1
test_1910,0
test_1911,0
test_1912,0
test_1913,0
test_1914,0
test_1915,0
test_1916,0
test_1917,0
test_1918,0
test_1919,0
test_1920,0
test_1921,0
test_1922,0
test_1923,0
test_1924,0
test_1925,0
test_1926,0
test_1927,0
test_1928,1
test_1929,0
test_1930,0
test_1931,0
test_1932,0
test_1933,0
test_1934,0
test_1935,0
test_1936,0
test_1937,0
test_1938,0
test_1939,0
test_1940,0
test_1941,0
test_1942,0
test_1943,0
test_1944,0
test_1945,0
test_1946,0
test_1947,0
test_1948,0
test_1949,0
test_1950,0
test_1951,0
test_1952,0
test_1953,1
test_1954,0
test_1955,0
test_1956,1
test_1957,1
test_1958,0
test_1959,0
test_1960,0
test_1961,0
test_1962,0
test_1963,1
test_1964,0
test_1965,0
test_1966,0
test_1967,0
test_1968,0
test_1969,0
test_1970,0
test_1971,0
test_1972,0
test_1973,0
test_1974,0
test_1975,0
test_1976,0
test_1977,0
test_1978,1
test_1979,1
test_1980,0
test_1981,1
test_1982,0
test_1983,0
test_1984,0
test_1985,0
test_1986,0
test_1987,0
test_1988,0
test_1989,0
test_1990,0
test_1991,1
test_1992,0
test_1993,0
test_1994,0
test_1995,0
test_1996,0
test_1997,1
test_1998,0
test_1999,0
test_2000,0
test_2001,0
test_2002,0
test_2003,0
test_2004,1
test_2005,0
test_2006,0
test_2007,0
test_2008,0
test_2009,0
test_2010,0
test_2011,0
test_2012,0
test_2013,0
test_2014,0
test_2015,0
test_2016,0
test_2017,0
test_2018,0
test_2019,0
test_2020,0
test_2021,0
test_2022,0
test_2023,0
test_2024,0
test_2025,0
test_2026,0
test_2027,0
test_2028,0
test_2029,0
test_2030,0
test_2031,0
test_2032,0
test_2033,0
test_2034,0
test_2035,0
test_2036,0
test_2037,0
test_2038,0
test_2039,0
test_2040,0
test_2041,0
test_2042,0
test_2043,0
test_2044,0
test_2045,0
test_2046,0
test_2047,0
test_2048,0
test_2049,0
test_2050,0
test_2051,1
test_2052,0
test_2053,0
test_2054,0
test_2055,0
test_2056,0
test_2057,1
test_2058,0
test_2059,0
test_2060,0
test_2061,1
test_2062,0
test_2063,0
test_2064,0
test_2065,0
test_2066,0
test_2067,0
test_2068,0
test_2069,1
test_2070,0
test_2071,0
test_2072,0
test_2073,0
test_2074,0
test_2075,0
test_2076,0
test_2077,0
test_2078,1
test_2079,0
test_2080,0
test_2081,0
test_2082,0
test_2083,0
test_2084,0
test_2085,0
test_2086,0
test_2087,0
test_2088,0
test_2089,0
test_2090,0
test_2091,0
test_2092,0
test_2093,0
test_2094,0
test_2095,0
test_2096,0
test_2097,0
test_2098,0
test_2099,0
test_2100,0
test_2101,0
test_2102,1
test_2103,0
test_2104,0
test_2105,0
test_2106,0
test_2107,0
test_2108,0
test_2109,0
test_2110,0
test_2111,0
test_2112,0
test_2113,0
test_2114,0
test_2115,0
test_2116,0
test_2117,0
test_2118,0
test_2119,0
test_2120,0
test_2121,0
test_2122,0
test_2123,0
test_2124,0
test_2125,0
test_2126,1
test_2127,0
test_2128,0
test_2129,0
test_2130,1
test_2131,0
test_2132,0
test_2133,0
test_2134,0
test_2135,0
test_2136,0
test_2137,0
test_2138,0
test_2139,0
test_2140,0
test_2141,0
test_2142,0
test_2143,0
test_2144,0
test_2145,0
test_2146,1
test_2147,0
test_2148,1
test_2149,0
test_2150,0
test_2151,0
test_2152,0
test_2153,0
test_2154,0
test_2155,1
test_2156,0
test_2157,0
test_2158,0
test_2159,0
test_2160,1
test_2161,0
test_2162,0
test_2163,0
test_2164,0
test_2165,0
test_2166,0
test_2167,0
test_2168,0
test_2169,0
test_2170,0
test_2171,0
test_2172,0
test_2173,0
test_2174,0
test_2175,0
test_2176,0
test_2177,0
test_2178,0
test_2179,0
test_2180,1
test_2181,0
test_2182,0
test_2183,0
test_2184,0
test_2185,0
test_2186,0
test_2187,1
test_2188,1
test_2189,0
test_2190,0
test_2191,0
test_2192,0
test_2193,0
test_2194,0
test_2195,0
test_2196,1
test_2197,0
test_2198,0
test_2199,0
test_2200,0
test_2201,0
test_2202,0
test_2203,0
test_2204,0
test_2205,0
test_2206,1
test_2207,0
test_2208,0
test_2209,0
test_2210,0
test_2211,0
test_2212,0
test_2213,0
test_2214,0
test_2215,0
test_2216,0
test_2217,0
test_2218,0
test_2219,0
test_2220,0
test_2221,0
test_2222,0
test_2223,0
test_2224,0
test_2225,0
test_2226,1
test_2227,0
test_2228,0
test_2229,0
test_2230,0
test_2231,0
test_2232,0
test_2233,1
test_2234,0
test_2235,0
test_2236,0
test_2237,1
test_2238,0
test_2239,0
test_2240,0
test_2241,0
test_2242,1
test_2243,0
test_2244,1
test_2245,0
test_2246,0
test_2247,0
test_2248,0
test_2249,1
test_2250,0
test_2251,0
test_2252,0
test_2253,0
test_2254,1
test_2255,0
test_2256,0
test_2257,0
test_2258,0
test_2259,0
test_2260,0
test_2261,0
test_2262,0
test_2263,1
test_2264,0
test_2265,0
test_2266,0
test_2267,0
test_2268,0
test_2269,0
test_2270,0
test_2271,0
test_2272,0
test_2273,1
test_2274,0
test_2275,0
test_2276,0
test_2277,0
test_2278,0
test_2279,0
test_2280,0
test_2281,0
test_2282,0
test_2283,0
test_2284,0
test_2285,0
test_2286,0
test_2287,0
test_2288,0
test_2289,0
test_2290,0
test_2291,0
test_2292,0
test_2293,0
test_2294,0
test_2295,0
test_2296,0
test_2297,0
test_2298,0
test_2299,0
test_2300,0
test_2301,0
test_2302,0
test_2303,0
test_2304,0
test_2305,0
test_2306,0
test_2307,0
test_2308,0
test_2309,0
test_2310,0
test_2311,0
test_2312,0
test_2313,1
test_2314,0
test_2315,1
test_2316,0
test_2317,0
test_2318,0
test_2319,0
test_2320,0
test_2321,0
test_2322,0
test_2323,0
test_2324,1
test_2325,0
test_2326,1
test_2327,1
test_2328,0
test_2329,0
test_2330,0
test_2331,0
test_2332,0
test_2333,0
test_2334,0
test_2335,0
test_2336,0
test_2337,0
test_2338,0
test_2339,0
test_2340,0
test_2341,0
test_2342,0
test_2343,0
test_2344,0
test_2345,0
test_2346,0
test_2347,0
test_2348,0
test_2349,1
test_2350,0
test_2351,0
test_2352,0
test_2353,0
test_2354,0
test_2355,0
test_2356,0
test_2357,0
test_2358,0
test_2359,0
test_2360,0
test_2361,0
test_2362,0
test_2363,0
test_2364,0
test_2365,0
test_2366,0
test_2367,0
test_2368,0
test_2369,0
test_2370,0
test_2371,0
test_2372,0
test_2373,0
test_2374,1
test_2375,0
test_2376,0
test_2377,0
test_2378,1
test_2379,1
test_2380,0
test_2381,0
test_2382,0
test_2383,0
test_2384,0
test_2385,0
test_2386,0
test_2387,0
test_2388,0
test_2389,0
test_2390,0
test_2391,0
test_2392,0
test_2393,0
test_2394,0
test_2395,0
test_2396,0
test_2397,0
test_2398,0
test_2399,0
test_2400,1
test_2401,1
test_2402,0
test_2403,0
test_2404,1
test_2405,0
test_2406,0
test_2407,0
test_2408,0
test_2409,0
test_2410,1
test_2411,0
test_2412,0
test_2413,0
test_2414,0
test_2415,0
test_2416,0
test_2417,1
test_2418,1
test_2419,0
test_2420,0
test_2421,0
test_2422,1
test_2423,0
test_2424,1
test_2425,1
test_2426,0
test_2427,1
test_2428,0
test_2429,0
test_2430,0
test_2431,0
test_2432,0
test_2433,0
test_2434,0
test_2435,1
test_2436,0
test_2437,1
test_2438,0
test_2439,0
test_2440,0
test_2441,0
test_2442,1
test_2443,0
test_2444,0
test_2445,0
test_2446,0
test_2447,0
test_2448,0
test_2449,0
test_2450,0
test_2451,0
test_2452,0
test_2453,1
test_2454,1
test_2455,0
test_2456,0
test_2457,0
test_2458,0
test_2459,0
test_2460,0
test_2461,0
test_2462,0
test_2463,0
test_2464,0
test_2465,0
test_2466,0
test_2467,0
test_2468,0
test_2469,0
test_2470,0
test_2471,0
test_2472,0
test_2473,0
test_2474,0
test_2475,0
test_2476,0
test_2477,0
test_2478,0
test_2479,0
test_2480,0
test_2481,0
test_2482,0
test_2483,0
test_2484,0
test_2485,0
test_2486,1
test_2487,0
test_2488,0
test_2489,0
test_2490,0
test_2491,0
test_2492,0
test_2493,1
test_2494,0
test_2495,0
test_2496,0
test_2497,0
test_2498,0
test_2499,0
test_2500,1
test_2501,0
test_2502,0
test_2503,1
test_2504,0
test_2505,0
test_2506,0
test_2507,0
test_2508,0
test_2509,1
test_2510,0
test_2511,0
test_2512,0
test_2513,0
test_2514,0
test_2515,0
test_2516,0
test_2517,0
test_2518,1
test_2519,0
test_2520,0
test_2521,0
test_2522,0
test_2523,0
test_2524,0
test_2525,0
test_2526,0
test_2527,0
test_2528,0
test_2529,0
test_2530,0
test_2531,0
test_2532,0
test_2533,0
test_2534,1
test_2535,0
test_2536,0
test_2537,1
test_2538,0
test_2539,1
test_2540,0
test_2541,0
test_2542,0
test_2543,0
test_2544,0
test_2545,1
test_2546,0
test_2547,0
test_2548,0
test_2549,0
test_2550,0
test_2551,0
test_2552,0
test_2553,0
test_2554,0
test_2555,0
test_2556,0
test_2557,1
test_2558,1
test_2559,0
test_2560,0
test_2561,0
test_2562,0
test_2563,1
test_2564,0
test_2565,0
test_2566,0
test_2567,0
test_2568,0
test_2569,0
test_2570,0
test_2571,0
test_2572,0
test_2573,0
test_2574,0
test_2575,0
test_2576,0
test_2577,0
test_2578,0
test_2579,0
test_2580,1
test_2581,0
test_2582,0
test_2583,0
test_2584,1
test_2585,0
test_2586,0
test_2587,0
test_2588,0
test_2589,0
test_2590,1
test_2591,0
test_2592,0
test_2593,0
test_2594,0
test_2595,1
test_2596,0
test_2597,1
test_2598,0
test_2599,1
test_2600,0
test_2601,0
test_2602,0
test_2603,0
test_2604,1
test_2605,1
test_2606,0
test_2607,0
test_2608,0
test_2609,1
test_2610,0
test_2611,0
test_2612,0
test_2613,0
test_2614,0
test_2615,0
test_2616,0
test_2617,0
test_2618,0
test_2619,1
test_2620,0
test_2621,0
test_2622,0
test_2623,0
test_2624,0
test_2625,0
test_2626,0
test_2627,0
test_2628,0
test_2629,0
test_2630,0
test_2631,0
test_2632,0
test_2633,0
test_2634,0
test_2635,0
test_2636,0
test_2637,0
test_2638,0
test_2639,0
test_2640,0
test_2641,0
test_2642,0
test_2643,0
test_2644,0
test_2645,1
test_2646,0
test_2647,0
test_2648,0
test_2649,0
test_2650,0
test_2651,0
test_2652,0
test_2653,0
test_2654,0
test_2655,1
test_2656,0
test_2657,0
test_2658,0
test_2659,1
test_2660,0
test_2661,0
test_2662,0
test_2663,0
test_2664,0
test_2665,0
test_2666,0
test_2667,0
test_2668,0
test_2669,0
test_2670,1
test_2671,0
test_2672,0
test_2673,0
test_2674,0
test_2675,0
test_2676,0
test_2677,0
test_2678,0
test_2679,0
test_2680,0
test_2681,0
test_2682,0
test_2683,0
test_2684,0
test_2685,0
test_2686,0
test_2687,0
test_2688,1
test_2689,1
test_2690,0
test_2691,0
test_2692,0
test_2693,0
test_2694,0
test_2695,0
test_2696,0
test_2697,0
test_2698,0
test_2699,0
test_2700,0
test_2701,0
test_2702,0
test_2703,0
test_2704,0
test_2705,0
test_2706,0
test_2707,0
test_2708,0
test_2709,0
test_2710,1
test_2711,0
test_2712,0
test_2713,0
test_2714,0
test_2715,0
test_2716,0
test_2717,0
test_2718,0
test_2719,0
test_2720,0
test_2721,1
test_2722,1
test_2723,0
test_2724,0
test_2725,0
test_2726,0
test_2727,0
test_2728,0
test_2729,0
test_2730,0
test_2731,0
test_2732,0
test_2733,0
test_2734,0
test_2735,0
test_2736,0
test_2737,0
test_2738,0
test_2739,0
test_2740,0
test_2741,0
test_2742,0
test_2743,0
test_2744,0
test_2745,0
test_2746,0
test_2747,0
test_2748,0
test_2749,0
test_2750,0
test_2751,0
test_2752,0
test_2753,0
test_2754,0
test_2755,0
test_2756,0
test_2757,0
test_2758,1
test_2759,0
test_2760,0
test_2761,0
test_2762,0
test_2763,0
test_2764,0
test_2765,0
test_2766,0
test_2767,0
test_2768,1
test_2769,0
test_2770,0
test_2771,0
test_2772,0
test_2773,0
test_2774,0
test_2775,0
test_2776,1
test_2777,0
test_2778,0
test_2779,0
test_2780,0
test_2781,1
test_2782,0
test_2783,0
test_2784,0
test_2785,1
test_2786,0
test_2787,0
test_2788,1
test_2789,0
test_2790,0
test_2791,0
test_2792,0
test_2793,0
test_2794,0
test_2795,0
test_2796,0
test_2797,0
test_2798,1
test_2799,0
test_2800,0
test_2801,0
test_2802,0
test_2803,0
test_2804,0
test_2805,0
test_2806,1
test_2807,1
test_2808,0
test_2809,0
test_2810,0
test_2811,0
test_2812,0
test_2813,1
test_2814,0
test_2815,0
test_2816,0
test_2817,0
test_2818,0
test_2819,0
test_2820,0
test_2821,0
test_2822,0
test_2823,0
test_2824,0
test_2825,0
test_2826,0
test_2827,0
test_2828,0
test_2829,0
test_2830,0
test_2831,0
test_2832,0
test_2833,0
test_2834,0
test_2835,0
test_2836,0
test_2837,0
test_2838,0
test_2839,1
test_2840,0
test_2841,0
test_2842,0
test_2843,0
test_2844,1
test_2845,0
test_2846,0
test_2847,1
test_2848,0
test_2849,0
test_2850,0
test_2851,0
test_2852,0
test_2853,1
test_2854,1
test_2855,0
test_2856,0
test_2857,0
test_2858,0
test_2859,0
test_2860,0
test_2861,0
test_2862,0
test_2863,0
test_2864,1
test_2865,0
test_2866,0
test_2867,0
test_2868,0
test_2869,0
test_2870,0
test_2871,0
test_2872,0
test_2873,0
test_2874,1
test_2875,0
test_2876,0
test_2877,0
test_2878,0
test_2879,0
test_2880,0
test_2881,0
test_2882,0
test_2883,0
test_2884,0
test_2885,0
test_2886,0
test_2887,0
test_2888,0
test_2889,0
test_2890,0
test_2891,1
test_2892,0
test_2893,0
test_2894,0
test_2895,1
test_2896,0
test_2897,0
test_2898,1
test_2899,0
test_2900,0
test_2901,1
test_2902,0
test_2903,1
test_2904,0
test_2905,0
test_2906,0
test_2907,0
test_2908,0
test_2909,1
test_2910,1
test_2911,0
test_2912,0
test_2913,0
test_2914,0
test_2915,0
test_2916,0
test_2917,0
test_2918,0
test_2919,0
test_2920,0
test_2921,0
test_2922,0
test_2923,0
test_2924,0
test_2925,0
test_2926,0
test_2927,0
test_2928,0
test_2929,0
test_2930,0
test_2931,0
test_2932,0
test_2933,0
test_2934,0
test_2935,0
test_2936,0
test_2937,0
test_2938,0
test_2939,0
test_2940,0
test_2941,0
test_2942,0
test_2943,0
test_2944,0
test_2945,0
test_2946,0
test_2947,0
test_2948,0
test_2949,0
test_2950,0
test_2951,0
test_2952,0
test_2953,0
test_2954,1
test_2955,0
test_2956,0
test_2957,0
test_2958,0
test_2959,0
test_2960,0
test_2961,0
test_2962,1
test_2963,0
test_2964,0
test_2965,0
test_2966,0
test_2967,0
test_2968,1
test_2969,0
test_2970,1
test_2971,0
test_2972,0
test_2973,0
test_2974,0
test_2975,0
test_2976,0
test_2977,0
test_2978,1
test_2979,0
test_2980,0
test_2981,0
test_2982,0
test_2983,0
test_2984,0
test_2985,0
test_2986,0
test_2987,0
test_2988,0
test_2989,0
test_2990,0
test_2991,0
test_2992,1
test_2993,1
test_2994,0
test_2995,0
test_2996,0
test_2997,0
test_2998,0
test_2999,0
test_3000,0
test_3001,0
test_3002,0
test_3003,0
test_3004,0
test_3005,0
test_3006,1
test_3007,0
test_3008,0
test_3009,0
test_3010,0
test_3011,0
test_3012,0
test_3013,1
test_3014,0
test_3015,0
test_3016,0
test_3017,0
test_3018,0
test_3019,1
test_3020,0
test_3021,0
test_3022,0
test_3023,0
test_3024,0
test_3025,0
test_3026,0
test_3027,0
test_3028,0
test_3029,0
test_3030,0
test_3031,0
test_3032,0
test_3033,0
test_3034,0
test_3035,0
test_3036,0
test_3037,0
test_3038,0
test_3039,0
test_3040,0
test_3041,0
test_3042,1
test_3043,0
test_3044,0
test_3045,0
test_3046,0
test_3047,0
test_3048,0
test_3049,0
test_3050,0
test_3051,0
test_3052,0
test_3053,0
test_3054,0
test_3055,0
test_3056,0
test_3057,0
test_3058,0
test_3059,0
test_3060,0
test_3061,0
test_3062,0
test_3063,0
test_3064,0
test_3065,0
test_3066,0
test_3067,0
test_3068,0
test_3069,0
test_3070,0
test_3071,0
test_3072,0
test_3073,0
test_3074,0
test_3075,0
test_3076,1
test_3077,0
test_3078,0
test_3079,0
test_3080,0
test_3081,0
test_3082,0
test_3083,0
test_3084,0
test_3085,0
test_3086,0
test_3087,0
test_3088,0
test_3089,0
test_3090,0
test_3091,0
test_3092,0
test_3093,0
test_3094,0
test_3095,0
test_3096,0
test_3097,0
test_3098,0
test_3099,0
test_3100,0
test_3101,0
test_3102,0
test_3103,0
test_3104,0
test_3105,0
test_3106,1
test_3107,0
test_3108,0
test_3109,0
test_3110,0
test_3111,0
test_3112,0
test_3113,0
test_3114,0
test_3115,0
test_3116,1
test_3117,0
test_3118,0
test_3119,1
test_3120,0
test_3121,0
test_3122,0
test_3123,0
test_3124,0
test_3125,0
test_3126,0
test_3127,0
test_3128,0
test_3129,0
test_3130,1
test_3131,0
test_3132,0
test_3133,0
test_3134,1
test_3135,0
test_3136,0
test_3137,0
test_3138,0
test_3139,0
test_3140,0
test_3141,0
test_3142,0
test_3143,0
test_3144,0
test_3145,1
test_3146,0
test_3147,0
test_3148,1
test_3149,1
test_3150,0
test_3151,0
test_3152,0
test_3153,0
test_3154,0
test_3155,0
test_3156,0
test_3157,0
test_3158,0
test_3159,0
test_3160,0
test_3161,0
test_3162,0
test_3163,0
test_3164,0
test_3165,0
test_3166,0
test_3167,0
test_3168,0
test_3169,0
test_3170,1
test_3171,0
test_3172,0
test_3173,0
test_3174,0
test_3175,0
test_3176,0
test_3177,0
test_3178,0
test_3179,0
test_3180,0
test_3181,0
test_3182,0
test_3183,0
test_3184,0
test_3185,0
test_3186,0
test_3187,0
test_3188,0
test_3189,0
test_3190,1
test_3191,0
test_3192,0
test_3193,0
test_3194,0
test_3195,0
test_3196,0
test_3197,0
test_3198,0
test_3199,0
test_3200,1
test_3201,0
test_3202,0
test_3203,0
test_3204,1
test_3205,0
test_3206,0
test_3207,0
test_3208,0
test_3209,0
test_3210,0
test_3211,0
test_3212,0
test_3213,0
test_3214,0
test_3215,0
test_3216,0
test_3217,1
test_3218,0
test_3219,0
test_3220,0
test_3221,1
test_3222,0
test_3223,0
test_3224,0
test_3225,0
test_3226,1
test_3227,0
test_3228,0
test_3229,0
test_3230,0
test_3231,1
test_3232,0
test_3233,0
test_3234,0
test_3235,0
test_3236,0
test_3237,0
test_3238,1
test_3239,0
test_3240,0
test_3241,0
test_3242,0
test_3243,0
test_3244,0
test_3245,0
test_3246,1
test_3247,0
test_3248,0
test_3249,0
test_3250,0
test_3251,0
test_3252,0
test_3253,0
test_3254,0
test_3255,0
test_3256,1
test_3257,0
test_3258,0
test_3259,0
test_3260,0
test_3261,0
test_3262,0
test_3263,0
test_3264,0
test_3265,1
test_3266,0
test_3267,0
test_3268,0
test_3269,0
test_3270,0
test_3271,0
test_3272,1
test_3273,0
test_3274,1
test_3275,0
test_3276,0
test_3277,0
test_3278,0
test_3279,0
test_3280,0
test_3281,0
test_3282,0
test_3283,0
test_3284,1
test_3285,0
test_3286,0
test_3287,0
test_3288,1
test_3289,0
test_3290,0
test_3291,0
test_3292,0
test_3293,0
test_3294,0
test_3295,0
test_3296,0
test_3297,0
test_3298,0
test_3299,1
test_3300,1
test_3301,0
test_3302,0
test_3303,0
test_3304,1
test_3305,0
test_3306,0
test_3307,1
test_3308,0
test_3309,0
test_3310,0
test_3311,0
test_3312,0
test_3313,0
test_3314,0
test_3315,0
test_3316,0
test_3317,0
test_3318,0
test_3319,0
test_3320,0
test_3321,0
test_3322,0
test_3323,0
test_3324,0
test_3325,0
test_3326,0
test_3327,0
test_3328,0
test_3329,0
test_3330,0
test_3331,0
test_3332,1
test_3333,0
test_3334,0
test_3335,0
test_3336,0
test_3337,0
test_3338,0
test_3339,1
test_3340,0
test_3341,0
test_3342,0
test_3343,0
test_3344,0
test_3345,0
test_3346,1
test_3347,0
test_3348,0
test_3349,1
test_3350,0
test_3351,0
test_3352,0
test_3353,0
test_3354,0
test_3355,0
test_3356,0
test_3357,0
test_3358,1
test_3359,1
test_3360,0
test_3361,1
test_3362,0
test_3363,0
test_3364,0
test_3365,1
test_3366,0
test_3367,0
test_3368,0
test_3369,0
test_3370,0
test_3371,0
test_3372,0
test_3373,0
test_3374,1
test_3375,0
test_3376,0
test_3377,0
test_3378,0
test_3379,0
test_3380,0
test_3381,0
test_3382,0
test_3383,0
test_3384,0
test_3385,0
test_3386,0
test_3387,0
test_3388,0
test_3389,0
test_3390,0
test_3391,0
test_3392,0
test_3393,0
test_3394,0
test_3395,0
test_3396,0
test_3397,0
test_3398,1
test_3399,0
test_3400,1
test_3401,0
test_3402,0
test_3403,0
test_3404,0
test_3405,0
test_3406,0
test_3407,0
test_3408,0
test_3409,0
test_3410,0
test_3411,0
test_3412,0
test_3413,0
test_3414,0
test_3415,0
test_3416,0
test_3417,0
test_3418,0
test_3419,0
test_3420,0
test_3421,1
test_3422,0
test_3423,1
test_3424,0
test_3425,0
test_3426,0
test_3427,0
test_3428,0
test_3429,0
test_3430,0
test_3431,0
test_3432,0
test_3433,0
test_3434,0
test_3435,0
test_3436,0
test_3437,0
test_3438,0
test_3439,1
test_3440,0
test_3441,1
test_3442,0
test_3443,0
test_3444,0
test_3445,0
test_3446,0
test_3447,0
test_3448,0
test_3449,0
test_3450,0
test_3451,0
test_3452,0
test_3453,1
test_3454,0
test_3455,0
